ApplicantIncome,CoapplicantIncome,Loan_Amount_Term,Credit_History,Loan_Status,LoanAmount_log,Gender_Female,Gender_Male,Married_No,Married_Yes,Dependents_3,Dependents_0,Dependents_1,Dependents_2,Education_Graduate,Education_Not Graduate,Self_Employed_No,Self_Employed_Yes,Property_Area_Rural,Property_Area_Semiurban,Property_Area_Urban
5849,0.0,360.0,1.0,1,4.852030263919617,0,1,1,0,0,1,0,0,1,0,1,0,0,0,1
4583,1508.0,360.0,1.0,0,4.852030263919617,0,1,0,1,0,0,1,0,1,0,1,0,1,0,0
3000,0.0,360.0,1.0,1,4.189654742026425,0,1,0,1,0,1,0,0,1,0,0,1,0,0,1
2583,2358.0,360.0,1.0,1,4.787491742782046,0,1,0,1,0,1,0,0,0,1,1,0,0,0,1
6000,0.0,360.0,1.0,1,4.948759890378168,0,1,1,0,0,1,0,0,1,0,1,0,0,0,1
5417,4196.0,360.0,1.0,1,5.58724865840025,0,1,0,1,0,0,0,1,1,0,0,1,0,0,1
2333,1516.0,360.0,1.0,1,4.553876891600541,0,1,0,1,0,1,0,0,0,1,1,0,0,0,1
3036,2504.0,360.0,0.0,0,5.062595033026967,0,1,0,1,1,0,0,0,1,0,1,0,0,1,0
4006,1526.0,360.0,1.0,1,5.123963979403259,0,1,0,1,0,0,0,1,1,0,1,0,0,0,1
12841,10968.0,360.0,1.0,0,5.855071922202427,0,1,0,1,0,0,1,0,1,0,1,0,0,1,0
3200,700.0,360.0,1.0,1,4.248495242049359,0,1,0,1,0,0,0,1,1,0,1,0,0,0,1
2500,1840.0,360.0,1.0,1,4.6913478822291435,0,1,0,1,0,0,0,1,1,0,1,0,0,0,1
3073,8106.0,360.0,1.0,1,5.298317366548036,0,1,0,1,0,0,0,1,1,0,1,0,0,0,1
1853,2840.0,360.0,1.0,0,4.736198448394496,0,1,1,0,0,1,0,0,1,0,1,0,1,0,0
1299,1086.0,120.0,1.0,1,2.833213344056216,0,1,0,1,0,0,0,1,1,0,1,0,0,0,1
4950,0.0,360.0,1.0,1,4.8283137373023015,0,1,1,0,0,1,0,0,1,0,1,0,0,0,1
3596,0.0,240.0,1.0,1,4.605170185988092,0,1,1,0,0,0,1,0,0,1,1,0,0,0,1
3510,0.0,360.0,0.0,0,4.330733340286331,1,0,1,0,0,1,0,0,1,0,1,0,0,0,1
4887,0.0,360.0,1.0,0,4.890349128221754,0,1,0,1,0,1,0,0,0,1,1,0,1,0,0
2600,3500.0,360.0,1.0,1,4.74493212836325,0,1,0,1,0,1,0,0,1,0,1,0,0,0,1
7660,0.0,360.0,0.0,0,4.6443908991413725,0,1,0,1,0,1,0,0,0,1,1,0,0,0,1
5955,5625.0,360.0,1.0,1,5.752572638825633,0,1,0,1,0,0,1,0,1,0,1,0,0,0,1
2600,1911.0,360.0,0.0,0,4.7535901911063645,0,1,0,1,0,1,0,0,0,1,1,0,0,1,0
3365,1917.0,360.0,0.0,0,4.718498871295094,0,1,0,1,0,0,0,1,0,1,1,0,1,0,0
3717,2925.0,360.0,1.0,0,5.017279836814924,0,1,0,1,0,0,1,0,1,0,1,0,0,1,0
9560,0.0,360.0,1.0,1,5.25227342804663,0,1,0,1,0,1,0,0,1,0,0,1,0,1,0
2799,2253.0,360.0,1.0,1,4.804021044733257,0,1,0,1,0,1,0,0,1,0,1,0,0,1,0
4226,1040.0,360.0,1.0,1,4.700480365792417,0,1,0,1,0,0,0,1,0,1,1,0,0,0,1
1442,0.0,360.0,1.0,0,3.5553480614894135,0,1,1,0,0,1,0,0,0,1,1,0,0,0,1
3750,2083.0,360.0,1.0,1,4.787491742782046,1,0,1,0,0,0,0,1,1,0,1,0,0,1,0
4166,3369.0,360.0,1.0,0,5.303304908059076,0,1,0,1,0,0,1,0,1,0,1,0,0,0,1
3167,0.0,360.0,1.0,0,4.30406509320417,0,1,1,0,0,1,0,0,1,0,1,0,0,0,1
4692,0.0,360.0,1.0,0,4.663439094112067,0,1,1,0,0,0,1,0,1,0,0,1,1,0,0
3500,1667.0,360.0,1.0,1,4.736198448394496,0,1,0,1,0,1,0,0,1,0,1,0,0,1,0
12500,3000.0,360.0,1.0,0,5.768320995793772,0,1,1,0,1,0,0,0,1,0,1,0,1,0,0
2275,2067.0,360.0,1.0,1,4.852030263919617,0,1,0,1,0,1,0,0,1,0,1,0,0,0,1
1828,1330.0,360.0,0.0,0,4.605170185988092,0,1,0,1,0,1,0,0,1,0,1,0,0,0,1
3667,1459.0,360.0,1.0,1,4.969813299576001,1,0,0,1,0,1,0,0,1,0,1,0,0,1,0
4166,7210.0,360.0,1.0,1,5.214935757608986,0,1,1,0,0,1,0,0,1,0,1,0,0,0,1
3748,1668.0,360.0,1.0,1,4.700480365792417,0,1,1,0,0,1,0,0,0,1,1,0,0,1,0
3600,0.0,360.0,1.0,0,4.382026634673881,0,1,1,0,0,1,0,0,1,0,1,0,0,0,1
1800,1213.0,360.0,1.0,1,3.8501476017100584,0,1,1,0,0,1,0,0,1,0,1,0,0,0,1
2400,0.0,360.0,1.0,1,4.31748811353631,0,1,0,1,0,1,0,0,1,0,1,0,0,0,1
3941,2336.0,360.0,1.0,1,4.897839799950911,0,1,0,1,0,1,0,0,1,0,1,0,0,1,0
4695,0.0,360.0,1.0,1,4.564348191467836,0,1,0,1,0,1,0,0,0,1,0,1,0,0,1
3410,0.0,360.0,1.0,1,4.477336814478207,1,0,1,0,0,1,0,0,1,0,1,0,0,0,1
5649,0.0,360.0,1.0,1,3.784189633918261,0,1,0,1,0,0,1,0,1,0,1,0,0,0,1
5821,0.0,360.0,1.0,1,4.969813299576001,0,1,0,1,0,1,0,0,1,0,1,0,0,0,1
2645,3440.0,360.0,0.0,0,4.787491742782046,1,0,0,1,0,1,0,0,1,0,1,0,0,0,1
4000,2275.0,360.0,1.0,1,4.969813299576001,1,0,1,0,0,1,0,0,1,0,1,0,0,1,0
1928,1644.0,360.0,1.0,1,4.605170185988092,1,0,0,1,0,1,0,0,0,1,1,0,0,1,0
3086,0.0,360.0,1.0,1,4.787491742782046,1,0,1,0,0,1,0,0,1,0,1,0,0,1,0
4230,0.0,360.0,1.0,0,4.718498871295094,1,0,1,0,0,1,0,0,1,0,1,0,0,1,0
4616,0.0,360.0,1.0,0,4.897839799950911,0,1,0,1,0,0,0,1,1,0,1,0,0,0,1
11500,0.0,360.0,0.0,0,5.655991810819852,1,0,0,1,0,0,1,0,1,0,0,1,0,0,1
2708,1167.0,360.0,1.0,1,4.574710978503383,0,1,0,1,0,0,0,1,1,0,1,0,0,1,0
2132,1591.0,360.0,1.0,1,4.564348191467836,0,1,0,1,0,1,0,0,1,0,1,0,0,1,0
3366,2200.0,360.0,1.0,0,4.90527477843843,0,1,0,1,0,1,0,0,1,0,1,0,1,0,0
8080,2250.0,360.0,1.0,1,5.19295685089021,0,1,0,1,0,0,1,0,1,0,1,0,0,0,1
3357,2859.0,360.0,1.0,1,4.969813299576001,0,1,0,1,0,0,0,1,0,1,1,0,0,0,1
2500,3796.0,360.0,1.0,1,4.787491742782046,0,1,0,1,0,1,0,0,1,0,1,0,0,0,1
3029,0.0,360.0,1.0,1,4.59511985013459,0,1,0,1,1,0,0,0,1,0,1,0,0,0,1
2609,3449.0,180.0,0.0,0,5.10594547390058,0,1,0,1,0,1,0,0,0,1,0,1,1,0,0
4945,0.0,360.0,0.0,0,4.852030263919617,0,1,0,1,0,0,1,0,1,0,1,0,1,0,0
4166,0.0,360.0,0.0,0,4.7535901911063645,1,0,1,0,0,1,0,0,1,0,1,0,0,1,0
5726,4595.0,360.0,1.0,0,5.552959584921617,0,1,0,1,0,1,0,0,1,0,1,0,0,1,0
3200,2254.0,180.0,0.0,0,4.836281906951478,0,1,1,0,0,1,0,0,0,1,1,0,0,0,1
10750,0.0,360.0,1.0,1,5.7430031878094825,0,1,0,1,0,0,1,0,1,0,1,0,0,0,1
7100,0.0,60.0,1.0,1,4.8283137373023015,0,1,0,1,1,0,0,0,0,1,0,1,0,0,1
4300,0.0,360.0,0.0,0,4.912654885736052,1,0,1,0,0,1,0,0,1,0,1,0,0,1,0
3208,3066.0,360.0,1.0,1,5.147494476813453,0,1,0,1,0,1,0,0,1,0,1,0,0,0,1
1875,1875.0,360.0,1.0,1,4.574710978503383,0,1,0,1,0,0,0,1,0,1,0,1,0,1,0
3500,0.0,300.0,1.0,1,4.394449154672439,0,1,1,0,0,1,0,0,1,0,1,0,0,1,0
4755,0.0,360.0,0.0,0,4.553876891600541,0,1,0,1,1,0,0,0,0,1,1,0,0,1,0
5266,1774.0,360.0,1.0,1,5.231108616854587,0,1,0,1,1,0,0,0,1,0,0,1,0,1,0
3750,0.0,480.0,1.0,0,4.727387818712341,0,1,1,0,0,1,0,0,1,0,1,0,0,0,1
3750,4750.0,360.0,1.0,0,5.170483995038151,0,1,1,0,0,1,0,0,1,0,1,0,0,0,1
1000,3022.0,360.0,1.0,0,4.700480365792417,0,1,0,1,0,0,1,0,1,0,0,1,0,0,1
3167,4000.0,300.0,0.0,0,5.19295685089021,0,1,0,1,1,0,0,0,1,0,1,0,0,1,0
3333,2166.0,360.0,1.0,1,4.867534450455582,0,1,0,1,1,0,0,0,0,1,0,1,0,1,0
3846,0.0,360.0,1.0,1,4.709530201312334,1,0,1,0,0,1,0,0,1,0,1,0,0,1,0
2395,0.0,360.0,1.0,1,4.852030263919617,0,1,0,1,0,0,1,0,1,0,0,1,0,1,0
1378,1881.0,360.0,1.0,0,5.117993812416755,1,0,0,1,0,0,0,1,1,0,1,0,0,0,1
6000,2250.0,360.0,1.0,0,5.579729825986222,0,1,0,1,0,1,0,0,1,0,1,0,0,1,0
3988,0.0,240.0,1.0,1,3.912023005428146,0,1,0,1,0,0,1,0,1,0,1,0,0,0,1
2366,2531.0,360.0,1.0,1,4.912654885736052,0,1,1,0,0,1,0,0,1,0,1,0,0,1,0
3333,2000.0,360.0,1.0,1,4.59511985013459,0,1,0,1,0,0,0,1,0,1,1,0,0,1,0
2500,2118.0,360.0,1.0,1,4.6443908991413725,0,1,0,1,0,1,0,0,1,0,1,0,0,1,0
8566,0.0,360.0,1.0,1,5.3471075307174685,0,1,1,0,0,1,0,0,1,0,1,0,0,0,1
5695,4167.0,360.0,1.0,1,5.1647859739235145,0,1,0,1,0,1,0,0,1,0,1,0,0,1,0
2958,2900.0,360.0,1.0,1,4.875197323201151,0,1,0,1,0,1,0,0,1,0,1,0,0,1,0
6250,5654.0,180.0,1.0,1,5.236441962829949,0,1,0,1,0,0,0,1,1,0,1,0,0,1,0
3273,1820.0,360.0,1.0,1,4.394449154672439,0,1,0,1,0,0,0,1,0,1,1,0,0,0,1
4133,0.0,360.0,1.0,1,4.804021044733257,0,1,1,0,0,1,0,0,1,0,1,0,0,1,0
3620,0.0,120.0,1.0,1,3.2188758248682006,0,1,1,0,0,1,0,0,0,1,1,0,0,1,0
6782,0.0,360.0,1.0,0,4.852030263919617,0,1,1,0,0,1,0,0,1,0,1,0,0,0,1
2484,2302.0,360.0,1.0,1,4.919980925828125,1,0,0,1,0,1,0,0,1,0,1,0,0,1,0
1977,997.0,360.0,1.0,1,3.912023005428146,0,1,0,1,0,1,0,0,1,0,1,0,0,1,0
4188,0.0,180.0,1.0,1,4.74493212836325,0,1,0,1,0,1,0,0,0,1,1,0,0,1,0
1759,3541.0,360.0,1.0,1,4.875197323201151,0,1,0,1,0,1,0,0,1,0,1,0,0,1,0
4288,3263.0,180.0,1.0,1,4.890349128221754,0,1,0,1,0,0,0,1,0,1,1,0,0,0,1
4843,3806.0,360.0,1.0,1,5.017279836814924,0,1,1,0,0,1,0,0,1,0,1,0,0,1,0
13650,0.0,360.0,1.0,1,4.852030263919617,0,1,0,1,0,1,0,0,1,0,1,0,0,0,1
4652,3583.0,360.0,1.0,1,4.852030263919617,0,1,0,1,0,1,0,0,1,0,1,0,0,1,0
3816,754.0,360.0,1.0,1,5.075173815233827,0,1,0,1,0,1,0,0,1,0,1,0,0,0,1
3052,1030.0,360.0,1.0,1,4.605170185988092,0,1,0,1,0,0,1,0,1,0,1,0,0,0,1
11417,1126.0,360.0,1.0,1,5.41610040220442,0,1,0,1,0,0,0,1,1,0,1,0,0,0,1
7333,0.0,360.0,1.0,0,4.787491742782046,0,1,1,0,0,1,0,0,0,1,1,0,1,0,0
3800,3600.0,360.0,0.0,0,5.375278407684165,0,1,0,1,0,0,0,1,1,0,1,0,0,0,1
2071,754.0,480.0,1.0,1,4.543294782270004,0,1,0,1,1,0,0,0,0,1,1,0,0,1,0
5316,0.0,360.0,1.0,1,4.912654885736052,0,1,1,0,0,1,0,0,1,0,1,0,0,0,1
2929,2333.0,360.0,1.0,1,4.9344739331306915,1,0,0,1,0,1,0,0,1,0,1,0,0,1,0
3572,4114.0,360.0,0.0,0,5.0238805208462765,0,1,0,1,0,1,0,0,0,1,1,0,1,0,0
7451,0.0,360.0,1.0,1,4.852030263919617,1,0,1,0,0,0,1,0,1,0,0,1,0,1,0
5050,0.0,360.0,1.0,1,4.770684624465665,0,1,1,0,0,1,0,0,1,0,1,0,0,1,0
14583,0.0,180.0,1.0,1,5.220355825078324,0,1,0,1,0,0,1,0,1,0,1,0,1,0,0
3167,2283.0,360.0,1.0,1,5.0369526024136295,1,0,0,1,0,1,0,0,1,0,1,0,0,1,0
2214,1398.0,360.0,1.0,1,4.442651256490317,0,1,0,1,0,0,1,0,1,0,1,0,0,0,1
5568,2142.0,360.0,1.0,0,5.1647859739235145,0,1,0,1,0,1,0,0,1,0,1,0,1,0,0
10408,0.0,360.0,1.0,1,5.556828061699537,1,0,1,0,0,1,0,0,1,0,1,0,0,0,1
5667,2667.0,360.0,1.0,1,5.19295685089021,0,1,0,1,0,1,0,0,1,0,1,0,1,0,0
4166,0.0,360.0,1.0,1,3.784189633918261,1,0,1,0,0,1,0,0,1,0,1,0,0,1,0
2137,8980.0,360.0,0.0,1,4.919980925828125,1,0,1,0,0,1,0,0,1,0,1,0,0,1,0
2957,0.0,360.0,1.0,1,4.394449154672439,0,1,0,1,0,0,0,1,1,0,1,0,0,1,0
4300,2014.0,360.0,1.0,1,5.267858159063328,0,1,0,1,0,1,0,0,0,1,1,0,1,0,0
3692,0.0,360.0,1.0,1,4.532599493153256,1,0,1,0,0,1,0,0,1,0,1,0,1,0,0
23803,0.0,360.0,1.0,1,5.91350300563827,0,1,0,1,1,0,0,0,1,0,1,0,1,0,0
3865,1640.0,360.0,1.0,1,4.852030263919617,0,1,1,0,0,1,0,0,1,0,1,0,1,0,0
10513,3850.0,180.0,0.0,0,5.075173815233827,0,1,0,1,0,0,1,0,1,0,0,1,0,0,1
6080,2569.0,360.0,1.0,0,5.204006687076795,0,1,0,1,0,1,0,0,1,0,1,0,1,0,0
20166,0.0,480.0,1.0,1,6.476972362889683,0,1,1,0,0,1,0,0,1,0,0,1,0,0,1
2014,1929.0,360.0,1.0,1,4.30406509320417,0,1,1,0,0,1,0,0,1,0,1,0,0,0,1
2718,0.0,360.0,1.0,1,4.248495242049359,0,1,1,0,0,1,0,0,1,0,1,0,0,1,0
3459,0.0,120.0,1.0,1,3.2188758248682006,0,1,0,1,0,1,0,0,1,0,0,1,0,1,0
4895,0.0,360.0,1.0,1,4.624972813284271,0,1,1,0,0,1,0,0,1,0,1,0,0,1,0
4000,7750.0,360.0,1.0,0,5.66988092298052,0,1,0,1,1,0,0,0,1,0,1,0,0,1,0
4583,0.0,360.0,1.0,0,4.430816798843313,1,0,0,1,0,1,0,0,1,0,1,0,1,0,0
3316,3500.0,360.0,1.0,1,4.477336814478207,0,1,0,1,0,0,0,1,1,0,0,1,0,0,1
14999,0.0,360.0,0.0,0,5.488937726156687,0,1,1,0,0,1,0,0,1,0,1,0,0,1,0
4200,1430.0,360.0,1.0,0,4.859812404361672,0,1,0,1,0,0,0,1,0,1,1,0,1,0,0
5042,2083.0,360.0,1.0,0,5.220355825078324,0,1,0,1,0,0,0,1,1,0,1,0,1,0,0
5417,0.0,360.0,1.0,1,5.123963979403259,0,1,1,0,0,1,0,0,1,0,1,0,0,0,1
6950,0.0,180.0,1.0,1,5.1647859739235145,0,1,1,0,0,1,0,0,1,0,0,1,0,1,0
2698,2034.0,360.0,1.0,1,4.804021044733257,0,1,0,1,0,1,0,0,1,0,1,0,0,1,0
11757,0.0,180.0,1.0,1,5.231108616854587,0,1,0,1,0,0,0,1,1,0,1,0,0,0,1
2330,4486.0,360.0,1.0,1,4.605170185988092,1,0,0,1,0,1,0,0,1,0,1,0,0,1,0
14866,0.0,360.0,1.0,1,4.248495242049359,1,0,0,1,0,0,0,1,1,0,1,0,0,0,1
1538,1425.0,360.0,1.0,1,3.4011973816621555,0,1,0,1,0,0,1,0,1,0,1,0,0,0,1
10000,1666.0,360.0,1.0,0,5.41610040220442,1,0,1,0,0,1,0,0,1,0,1,0,1,0,0
4860,830.0,360.0,1.0,1,4.8283137373023015,0,1,0,1,0,1,0,0,1,0,1,0,0,1,0
6277,0.0,360.0,0.0,0,4.770684624465665,0,1,1,0,0,1,0,0,1,0,1,0,1,0,0
2577,3750.0,360.0,1.0,1,5.0238805208462765,0,1,0,1,0,1,0,0,1,0,0,1,1,0,0
9166,0.0,360.0,1.0,0,5.497168225293202,0,1,1,0,0,1,0,0,1,0,1,0,0,0,1
2281,0.0,360.0,1.0,0,4.727387818712341,0,1,0,1,0,0,0,1,0,1,1,0,1,0,0
3254,0.0,360.0,1.0,1,3.912023005428146,0,1,1,0,0,1,0,0,1,0,1,0,0,0,1
39999,0.0,180.0,0.0,1,6.396929655216146,0,1,0,1,1,0,0,0,1,0,1,0,0,1,0
6000,0.0,360.0,1.0,1,5.075173815233827,0,1,0,1,0,0,1,0,1,0,1,0,1,0,0
9538,0.0,360.0,1.0,1,5.231108616854587,0,1,0,1,0,0,1,0,1,0,1,0,0,0,1
2980,2083.0,360.0,1.0,1,4.787491742782046,0,1,1,0,0,1,0,0,1,0,1,0,1,0,0
4583,5625.0,360.0,1.0,1,5.541263545158426,0,1,0,1,0,1,0,0,1,0,1,0,0,1,0
1863,1041.0,360.0,1.0,1,4.584967478670572,0,1,0,1,0,1,0,0,0,1,1,0,0,1,0
7933,0.0,360.0,1.0,0,5.616771097666572,0,1,0,1,0,1,0,0,1,0,1,0,0,0,1
3089,1280.0,360.0,0.0,0,4.795790545596741,0,1,0,1,0,0,1,0,1,0,1,0,0,1,0
4167,1447.0,360.0,1.0,1,5.062595033026967,0,1,0,1,0,0,0,1,1,0,1,0,1,0,0
9323,0.0,180.0,1.0,1,4.31748811353631,0,1,0,1,0,1,0,0,1,0,1,0,0,0,1
3707,3166.0,360.0,1.0,1,5.204006687076795,0,1,0,1,0,1,0,0,1,0,1,0,1,0,0
4583,0.0,360.0,1.0,0,4.718498871295094,1,0,0,1,0,1,0,0,1,0,1,0,1,0,0
2439,3333.0,360.0,1.0,1,4.859812404361672,0,1,0,1,0,1,0,0,1,0,1,0,1,0,0
2237,0.0,480.0,0.0,0,4.143134726391533,0,1,1,0,0,1,0,0,1,0,1,0,0,1,0
8000,0.0,360.0,1.0,1,5.298317366548036,0,1,0,1,0,0,0,1,1,0,1,0,0,1,0
1820,1769.0,360.0,1.0,1,4.553876891600541,0,1,0,1,0,1,0,0,0,1,1,0,1,0,0
51763,0.0,300.0,1.0,1,6.551080335043404,0,1,0,1,1,0,0,0,1,0,1,0,0,0,1
3522,0.0,180.0,1.0,0,4.394449154672439,0,1,0,1,1,0,0,0,0,1,1,0,1,0,0
5708,5625.0,360.0,1.0,1,5.231108616854587,0,1,0,1,0,1,0,0,1,0,1,0,0,1,0
4344,736.0,360.0,1.0,0,4.465908118654584,0,1,0,1,0,1,0,0,0,1,0,1,0,1,0
3497,1964.0,360.0,1.0,1,4.7535901911063645,0,1,0,1,0,1,0,0,1,0,1,0,1,0,0
2045,1619.0,360.0,1.0,1,4.61512051684126,0,1,0,1,0,0,0,1,1,0,1,0,1,0,0
5516,11300.0,360.0,0.0,0,6.20455776256869,0,1,0,1,1,0,0,0,1,0,1,0,0,1,0
3750,0.0,360.0,1.0,1,4.7535901911063645,0,1,0,1,0,0,1,0,1,0,1,0,0,1,0
2333,1451.0,480.0,0.0,0,4.624972813284271,0,1,1,0,0,1,0,0,0,1,1,0,0,0,1
6400,7250.0,360.0,0.0,0,5.19295685089021,0,1,0,1,0,0,1,0,1,0,1,0,0,0,1
1916,5063.0,360.0,1.0,0,4.204692619390966,0,1,1,0,0,1,0,0,1,0,1,0,1,0,0
4600,0.0,180.0,1.0,1,4.290459441148391,0,1,0,1,0,1,0,0,1,0,1,0,0,1,0
33846,0.0,360.0,1.0,0,5.560681631015528,0,1,0,1,0,0,1,0,1,0,1,0,0,1,0
3625,0.0,360.0,1.0,1,4.68213122712422,1,0,0,1,0,1,0,0,1,0,1,0,0,1,0
39147,4750.0,360.0,1.0,1,4.787491742782046,0,1,0,1,0,1,0,0,1,0,0,1,0,1,0
2178,0.0,300.0,0.0,0,4.189654742026425,0,1,0,1,0,0,1,0,1,0,0,1,1,0,0
2383,2138.0,360.0,1.0,1,4.060443010546419,0,1,0,1,0,1,0,0,1,0,1,0,1,0,0
674,5296.0,360.0,1.0,1,5.123963979403259,0,1,0,1,0,1,0,0,1,0,0,1,1,0,0
9328,0.0,180.0,1.0,1,5.236441962829949,0,1,0,1,0,1,0,0,1,0,1,0,1,0,0
4885,0.0,360.0,1.0,1,3.871201010907891,0,1,1,0,0,1,0,0,0,1,1,0,1,0,0
12000,0.0,360.0,1.0,0,5.099866427824199,0,1,1,0,0,1,0,0,1,0,1,0,0,1,0
6033,0.0,360.0,1.0,0,5.075173815233827,0,1,0,1,0,1,0,0,0,1,1,0,0,0,1
3858,0.0,360.0,1.0,1,4.330733340286331,0,1,1,0,0,1,0,0,1,0,1,0,0,1,0
4191,0.0,360.0,1.0,1,4.787491742782046,0,1,1,0,0,1,0,0,1,0,1,0,1,0,0
3125,2583.0,360.0,1.0,0,5.135798437050262,0,1,0,1,0,0,1,0,1,0,1,0,0,1,0
8333,3750.0,360.0,1.0,1,5.231108616854587,0,1,1,0,0,1,0,0,1,0,1,0,1,0,0
1907,2365.0,360.0,1.0,1,4.787491742782046,1,0,1,0,0,1,0,0,0,1,1,0,0,0,1
3416,2816.0,360.0,1.0,1,4.727387818712341,1,0,0,1,0,1,0,0,1,0,1,0,0,1,0
11000,0.0,360.0,1.0,0,4.418840607796598,0,1,1,0,0,1,0,0,1,0,0,1,0,0,1
2600,2500.0,360.0,1.0,1,4.499809670330265,0,1,0,1,0,0,1,0,0,1,1,0,0,1,0
4923,0.0,360.0,0.0,1,5.111987788356544,0,1,1,0,0,0,0,1,1,0,1,0,0,1,0
3992,0.0,180.0,1.0,0,4.852030263919617,0,1,0,1,1,0,0,0,0,1,1,0,0,0,1
3500,1083.0,360.0,1.0,1,4.90527477843843,0,1,0,1,0,0,1,0,0,1,1,0,0,0,1
3917,0.0,360.0,1.0,1,4.820281565605037,0,1,0,1,0,0,0,1,0,1,1,0,0,1,0
4408,0.0,360.0,1.0,1,4.787491742782046,1,0,1,0,0,1,0,0,0,1,1,0,0,1,0
3244,0.0,360.0,1.0,1,4.382026634673881,1,0,1,0,0,1,0,0,1,0,1,0,0,0,1
3975,2531.0,360.0,1.0,1,4.007333185232471,0,1,1,0,0,1,0,0,0,1,1,0,1,0,0
2479,0.0,360.0,1.0,1,4.07753744390572,0,1,1,0,0,1,0,0,1,0,1,0,0,0,1
3418,0.0,360.0,1.0,0,4.844187086458591,0,1,1,0,0,1,0,0,1,0,1,0,0,1,0
10000,0.0,360.0,1.0,0,5.365976015021851,1,0,1,0,0,1,0,0,1,0,1,0,0,1,0
3430,1250.0,360.0,0.0,0,4.852030263919617,0,1,0,1,1,0,0,0,1,0,1,0,0,1,0
7787,0.0,360.0,1.0,1,5.480638923341991,0,1,0,1,0,0,1,0,1,0,0,1,0,0,1
5703,0.0,360.0,1.0,1,4.867534450455582,0,1,0,1,1,0,0,0,0,1,0,1,1,0,0
3173,3021.0,360.0,1.0,1,4.919980925828125,0,1,0,1,0,1,0,0,1,0,1,0,0,0,1
3850,983.0,360.0,1.0,1,4.605170185988092,0,1,0,1,1,0,0,0,0,1,1,0,0,1,0
150,1800.0,360.0,1.0,0,4.90527477843843,0,1,0,1,0,1,0,0,1,0,1,0,1,0,0
3727,1775.0,360.0,1.0,1,4.875197323201151,0,1,0,1,0,1,0,0,1,0,1,0,0,1,0
5000,0.0,360.0,0.0,0,4.276666119016055,0,1,0,1,0,0,0,1,1,0,1,0,0,1,0
4283,2383.0,360.0,1.0,1,4.844187086458591,1,0,0,1,0,0,0,1,1,0,1,0,0,1,0
2221,0.0,360.0,0.0,0,4.0943445622221,0,1,0,1,0,1,0,0,1,0,1,0,0,0,1
4009,1717.0,360.0,1.0,1,4.7535901911063645,0,1,0,1,0,0,0,1,1,0,1,0,0,1,0
2971,2791.0,360.0,1.0,1,4.969813299576001,0,1,1,0,0,1,0,0,1,0,1,0,0,1,0
7578,1010.0,360.0,1.0,1,5.1647859739235145,0,1,0,1,0,1,0,0,1,0,1,0,0,1,0
6250,0.0,360.0,1.0,1,4.852030263919617,0,1,0,1,0,1,0,0,1,0,1,0,0,1,0
3250,0.0,360.0,1.0,0,5.135798437050262,0,1,0,1,0,1,0,0,1,0,1,0,1,0,0
4735,0.0,360.0,1.0,0,4.927253685157205,0,1,0,1,0,1,0,0,0,1,0,1,0,0,1
6250,1695.0,360.0,1.0,1,5.3471075307174685,0,1,0,1,0,0,0,1,1,0,1,0,0,1,0
4758,0.0,480.0,1.0,1,5.062595033026967,0,1,0,1,0,1,0,0,1,0,1,0,0,1,0
6400,0.0,360.0,1.0,1,5.298317366548036,0,1,1,0,0,1,0,0,1,0,0,1,1,0,0
2491,2054.0,360.0,1.0,1,4.6443908991413725,0,1,0,1,0,0,1,0,1,0,1,0,0,1,0
3716,0.0,180.0,1.0,1,3.7376696182833684,0,1,0,1,0,1,0,0,1,0,1,0,1,0,0
3189,2598.0,360.0,1.0,1,4.787491742782046,0,1,1,0,0,1,0,0,0,1,1,0,1,0,0
8333,0.0,360.0,1.0,1,5.634789603169249,1,0,1,0,0,1,0,0,1,0,1,0,0,1,0
3155,1779.0,360.0,1.0,1,4.941642422609304,0,1,0,1,0,0,1,0,1,0,1,0,0,1,0
5500,1260.0,360.0,1.0,1,5.135798437050262,0,1,0,1,0,0,1,0,1,0,1,0,1,0,0
5746,0.0,360.0,1.0,0,5.541263545158426,0,1,0,1,0,1,0,0,1,0,1,0,0,0,1
3463,0.0,360.0,1.0,1,4.804021044733257,1,0,1,0,0,1,0,0,1,0,0,1,0,0,1
3812,0.0,360.0,1.0,1,4.718498871295094,1,0,1,0,0,0,1,0,1,0,1,0,1,0,0
3315,0.0,360.0,1.0,1,4.564348191467836,0,1,0,1,0,0,1,0,1,0,1,0,0,1,0
5819,5000.0,360.0,1.0,1,4.787491742782046,0,1,0,1,0,0,0,1,1,0,1,0,1,0,0
2510,1983.0,180.0,1.0,0,4.941642422609304,0,1,0,1,0,0,1,0,0,1,1,0,0,0,1
2965,5701.0,60.0,1.0,1,5.043425116919247,0,1,1,0,0,1,0,0,1,0,1,0,0,0,1
6250,1300.0,360.0,1.0,1,4.68213122712422,0,1,0,1,0,0,0,1,1,0,0,1,1,0,0
3406,4417.0,360.0,1.0,1,4.812184355372417,0,1,0,1,0,1,0,0,0,1,1,0,0,1,0
6050,4333.0,180.0,1.0,0,4.787491742782046,0,1,1,0,0,1,0,0,1,0,0,1,0,0,1
9703,0.0,360.0,1.0,1,4.718498871295094,0,1,0,1,0,0,0,1,1,0,1,0,0,0,1
6608,0.0,180.0,1.0,1,4.919980925828125,0,1,0,1,0,0,1,0,0,1,1,0,0,0,1
2882,1843.0,480.0,1.0,1,4.812184355372417,0,1,0,1,0,0,1,0,1,0,1,0,0,1,0
1809,1868.0,360.0,1.0,1,4.499809670330265,0,1,0,1,0,1,0,0,1,0,1,0,0,0,1
1668,3890.0,360.0,0.0,0,5.303304908059076,0,1,0,1,0,1,0,0,0,1,1,0,0,1,0
3427,0.0,360.0,1.0,0,4.927253685157205,1,0,1,0,0,0,0,1,1,0,1,0,0,0,1
2583,2167.0,360.0,1.0,1,4.6443908991413725,0,1,1,0,0,1,0,0,0,1,0,1,1,0,0
2661,7101.0,180.0,1.0,1,5.631211781821365,0,1,0,1,0,0,1,0,0,1,1,0,0,1,0
16250,0.0,360.0,0.0,0,5.2574953720277815,0,1,1,0,0,1,0,0,1,0,0,1,0,0,1
3083,0.0,360.0,1.0,1,5.541263545158426,1,0,1,0,1,0,0,0,1,0,1,0,1,0,0
6045,0.0,360.0,0.0,0,4.74493212836325,0,1,1,0,0,1,0,0,0,1,1,0,1,0,0
5250,0.0,360.0,1.0,0,4.543294782270004,0,1,0,1,1,0,0,0,1,0,1,0,0,0,1
14683,2100.0,360.0,1.0,0,5.717027701406222,0,1,0,1,0,1,0,0,1,0,1,0,1,0,0
4931,0.0,360.0,1.0,0,4.852030263919617,0,1,0,1,1,0,0,0,0,1,1,0,0,1,0
6083,4250.0,360.0,1.0,1,5.799092654460526,0,1,0,1,0,0,1,0,1,0,1,0,0,0,1
2060,2209.0,360.0,1.0,1,4.897839799950911,0,1,1,0,0,1,0,0,1,0,1,0,0,1,0
3481,0.0,36.0,1.0,0,5.043425116919247,1,0,1,0,0,0,1,0,1,0,1,0,0,1,0
7200,0.0,360.0,1.0,1,4.787491742782046,1,0,1,0,0,1,0,0,1,0,1,0,1,0,0
5166,0.0,360.0,1.0,1,4.852030263919617,0,1,1,0,0,1,0,0,1,0,0,1,0,1,0
4095,3447.0,360.0,1.0,1,5.017279836814924,0,1,1,0,0,1,0,0,1,0,1,0,1,0,0
4708,1387.0,360.0,1.0,1,5.0106352940962555,0,1,0,1,0,0,0,1,1,0,1,0,0,1,0
4333,1811.0,360.0,0.0,1,5.075173815233827,0,1,0,1,1,0,0,0,1,0,1,0,0,0,1
3418,0.0,360.0,1.0,0,4.90527477843843,1,0,1,0,0,1,0,0,1,0,1,0,1,0,0
2876,1560.0,360.0,1.0,1,4.499809670330265,1,0,1,0,0,0,1,0,1,0,1,0,0,0,1
3237,0.0,360.0,1.0,1,3.4011973816621555,1,0,1,0,0,1,0,0,1,0,1,0,0,0,1
11146,0.0,360.0,1.0,1,4.912654885736052,0,1,0,1,0,1,0,0,1,0,1,0,0,0,1
2833,1857.0,360.0,1.0,1,4.836281906951478,0,1,1,0,0,1,0,0,1,0,1,0,1,0,0
2620,2223.0,360.0,1.0,1,5.0106352940962555,0,1,0,1,0,1,0,0,1,0,1,0,0,1,0
3900,0.0,360.0,1.0,1,4.499809670330265,0,1,0,1,0,0,0,1,1,0,1,0,0,1,0
2750,1842.0,360.0,1.0,1,4.74493212836325,0,1,0,1,0,0,1,0,1,0,1,0,0,1,0
3993,3274.0,360.0,1.0,1,5.332718793265369,0,1,0,1,0,1,0,0,1,0,1,0,0,1,0
3103,1300.0,360.0,1.0,1,4.382026634673881,0,1,0,1,0,1,0,0,1,0,1,0,0,0,1
14583,0.0,360.0,1.0,1,6.077642243349034,0,1,0,1,0,1,0,0,1,0,1,0,0,1,0
4100,0.0,360.0,1.0,1,4.820281565605037,1,0,0,1,0,1,0,0,0,1,1,0,1,0,0
4053,2426.0,360.0,0.0,0,5.062595033026967,0,1,1,0,0,0,1,0,0,1,0,1,0,0,1
3927,800.0,360.0,1.0,1,4.718498871295094,0,1,0,1,0,1,0,0,1,0,1,0,0,1,0
2301,985.7999877999998,180.0,1.0,1,4.356708826689592,0,1,0,1,0,0,0,1,1,0,1,0,0,0,1
1811,1666.0,360.0,1.0,1,3.9889840465642745,1,0,1,0,0,1,0,0,1,0,1,0,0,0,1
20667,0.0,360.0,1.0,0,4.852030263919617,0,1,0,1,0,1,0,0,1,0,1,0,1,0,0
3158,3053.0,360.0,1.0,1,4.48863636973214,0,1,1,0,0,1,0,0,1,0,1,0,1,0,0
2600,1717.0,300.0,1.0,0,4.59511985013459,1,0,1,0,0,1,0,0,1,0,0,1,0,1,0
3704,2000.0,360.0,1.0,1,4.787491742782046,0,1,0,1,0,1,0,0,1,0,1,0,1,0,0
4124,0.0,360.0,1.0,1,4.74493212836325,1,0,1,0,0,1,0,0,1,0,1,0,0,1,0
9508,0.0,360.0,1.0,1,5.231108616854587,0,1,1,0,0,1,0,0,1,0,1,0,1,0,0
3075,2416.0,360.0,1.0,1,4.9344739331306915,0,1,0,1,0,1,0,0,1,0,1,0,1,0,0
4400,0.0,360.0,0.0,0,4.844187086458591,0,1,0,1,0,0,0,1,1,0,1,0,0,1,0
3153,1560.0,360.0,1.0,1,4.897839799950911,0,1,0,1,0,0,0,1,1,0,1,0,0,0,1
5417,0.0,480.0,0.0,0,4.962844630259907,1,0,1,0,0,1,0,0,1,0,1,0,0,0,1
2383,3334.0,360.0,1.0,1,5.147494476813453,0,1,0,1,0,1,0,0,1,0,1,0,0,1,0
4416,1250.0,360.0,1.0,1,4.700480365792417,0,1,0,1,1,0,0,0,1,0,1,0,0,0,1
6875,0.0,360.0,1.0,1,5.298317366548036,0,1,0,1,0,0,1,0,1,0,1,0,0,1,0
4666,0.0,360.0,1.0,1,4.90527477843843,1,0,0,1,0,0,1,0,1,0,1,0,0,0,1
5000,2541.0,480.0,1.0,0,5.017279836814924,1,0,1,0,0,1,0,0,1,0,1,0,1,0,0
2014,2925.0,360.0,1.0,0,4.727387818712341,0,1,0,1,0,0,1,0,1,0,1,0,0,0,1
1800,2934.0,360.0,0.0,0,4.532599493153256,0,1,0,1,0,1,0,0,0,1,1,0,0,0,1
2875,1750.0,360.0,1.0,1,4.653960350157523,0,1,0,1,0,1,0,0,0,1,1,0,0,1,0
5000,0.0,360.0,1.0,1,4.882801922586371,1,0,1,0,0,1,0,0,1,0,1,0,1,0,0
1625,1803.0,360.0,1.0,1,4.564348191467836,0,1,0,1,0,0,1,0,1,0,1,0,0,0,1
4000,2500.0,360.0,1.0,1,4.941642422609304,0,1,1,0,0,1,0,0,1,0,1,0,1,0,0
2000,0.0,360.0,1.0,0,4.852030263919617,0,1,1,0,0,1,0,0,0,1,1,0,0,0,1
3762,1666.0,360.0,1.0,1,4.90527477843843,1,0,1,0,0,1,0,0,1,0,1,0,1,0,0
2400,1863.0,360.0,0.0,0,4.6443908991413725,1,0,1,0,0,1,0,0,1,0,1,0,0,0,1
20233,0.0,360.0,1.0,0,6.173786103901937,0,1,1,0,0,1,0,0,1,0,1,0,1,0,0
7667,0.0,360.0,1.0,1,5.220355825078324,0,1,0,1,0,0,0,1,0,1,1,0,1,0,0
2917,0.0,360.0,1.0,1,4.430816798843313,1,0,1,0,0,1,0,0,1,0,1,0,0,1,0
2927,2405.0,360.0,1.0,1,4.709530201312334,0,1,1,0,0,1,0,0,0,1,1,0,0,1,0
2507,0.0,360.0,1.0,1,4.02535169073515,1,0,1,0,0,1,0,0,1,0,1,0,1,0,0
5746,0.0,84.0,1.0,1,4.969813299576001,0,1,0,1,0,0,0,1,1,0,0,1,1,0,0
2473,1843.0,360.0,1.0,0,5.0689042022202315,0,1,0,1,0,1,0,0,1,0,1,0,1,0,0
3399,1640.0,180.0,1.0,1,4.709530201312334,0,1,0,1,0,0,1,0,0,1,1,0,0,0,1
3717,0.0,360.0,1.0,1,4.787491742782046,0,1,0,1,0,0,0,1,1,0,1,0,0,1,0
2058,2134.0,360.0,1.0,1,4.477336814478207,0,1,0,1,0,1,0,0,1,0,1,0,0,0,1
3541,0.0,360.0,1.0,1,4.718498871295094,1,0,1,0,0,0,1,0,1,0,1,0,0,1,0
10000,0.0,360.0,1.0,0,5.043425116919247,0,1,0,1,0,0,1,0,1,0,0,1,1,0,0
2400,2167.0,360.0,1.0,1,4.74493212836325,0,1,0,1,0,1,0,0,1,0,1,0,0,1,0
4342,189.0,360.0,1.0,1,4.820281565605037,0,1,0,1,1,0,0,0,1,0,1,0,0,1,0
3601,1590.0,360.0,1.0,1,4.852030263919617,0,1,0,1,0,0,0,1,0,1,1,0,1,0,0
3166,2985.0,360.0,1.0,1,4.882801922586371,1,0,1,0,0,1,0,0,1,0,1,0,1,0,0
15000,0.0,360.0,1.0,1,5.703782474656201,0,1,0,1,1,0,0,0,1,0,1,0,1,0,0
8666,4983.0,360.0,0.0,0,5.929589143389895,0,1,0,1,0,0,1,0,1,0,0,1,1,0,0
4917,0.0,360.0,0.0,1,4.867534450455582,0,1,1,0,0,1,0,0,1,0,1,0,1,0,0
5818,2160.0,360.0,1.0,1,5.214935757608986,0,1,0,1,0,1,0,0,1,0,0,1,0,1,0
4333,2451.0,360.0,1.0,0,4.700480365792417,1,0,0,1,0,1,0,0,1,0,1,0,0,0,1
2500,0.0,360.0,1.0,1,4.204692619390966,1,0,1,0,0,1,0,0,1,0,1,0,0,0,1
4384,1793.0,360.0,1.0,1,4.762173934797756,0,1,1,0,0,0,1,0,1,0,1,0,0,0,1
2935,0.0,360.0,1.0,1,4.584967478670572,0,1,1,0,0,1,0,0,1,0,1,0,0,1,0
2833,0.0,360.0,1.0,1,4.2626798770413155,0,1,1,0,0,1,0,0,1,0,1,0,0,0,1
63337,0.0,180.0,1.0,1,6.194405391104672,0,1,0,1,0,1,0,0,1,0,1,0,0,0,1
9833,1833.0,180.0,1.0,1,5.204006687076795,0,1,0,1,0,0,1,0,1,0,0,1,0,0,1
5503,4490.0,360.0,1.0,1,4.248495242049359,0,1,0,1,0,1,0,0,1,0,0,1,0,1,0
5250,688.0,360.0,1.0,1,5.075173815233827,0,1,0,1,0,0,1,0,1,0,1,0,1,0,0
2500,4600.0,360.0,1.0,1,5.170483995038151,0,1,0,1,0,0,0,1,1,0,0,1,1,0,0
1830,0.0,360.0,0.0,0,4.852030263919617,1,0,1,0,1,0,0,0,0,1,1,0,0,0,1
4160,0.0,360.0,1.0,1,4.2626798770413155,1,0,1,0,0,1,0,0,1,0,1,0,0,1,0
2647,1587.0,360.0,1.0,0,5.153291594497779,0,1,0,1,1,0,0,0,0,1,1,0,1,0,0
2378,0.0,360.0,1.0,0,3.828641396489095,1,0,1,0,0,1,0,0,1,0,1,0,1,0,0
4554,1229.0,360.0,1.0,1,5.062595033026967,0,1,0,1,0,0,1,0,0,1,1,0,0,0,1
3173,0.0,360.0,1.0,1,4.30406509320417,0,1,0,1,1,0,0,0,0,1,1,0,0,1,0
2583,2330.0,360.0,1.0,1,4.8283137373023015,0,1,0,1,0,0,0,1,1,0,1,0,1,0,0
2499,2458.0,360.0,1.0,1,5.075173815233827,0,1,0,1,0,1,0,0,1,0,1,0,0,1,0
3523,3230.0,360.0,0.0,0,5.0238805208462765,0,1,0,1,0,1,0,0,0,1,1,0,1,0,0
3083,2168.0,360.0,1.0,1,4.836281906951478,0,1,0,1,0,0,0,1,0,1,1,0,0,0,1
6333,4583.0,360.0,1.0,1,5.556828061699537,0,1,0,1,0,1,0,0,1,0,1,0,0,1,0
2625,6250.0,360.0,1.0,1,5.231108616854587,0,1,0,1,0,1,0,0,1,0,1,0,1,0,0
9083,0.0,360.0,1.0,1,5.429345628954441,0,1,0,1,0,1,0,0,1,0,1,0,0,1,0
8750,4167.0,360.0,1.0,0,5.730099782973574,0,1,1,0,0,1,0,0,1,0,1,0,1,0,0
2666,2083.0,360.0,1.0,1,4.553876891600541,0,1,0,1,1,0,0,0,1,0,1,0,1,0,0
5500,0.0,360.0,0.0,0,4.653960350157523,1,0,0,1,0,1,0,0,1,0,0,1,1,0,0
2423,505.0,360.0,1.0,1,4.867534450455582,1,0,0,1,0,1,0,0,1,0,1,0,0,1,0
3813,0.0,180.0,1.0,1,4.7535901911063645,1,0,1,0,0,1,0,0,1,0,1,0,0,0,1
8333,3167.0,360.0,1.0,1,5.10594547390058,0,1,0,1,0,0,0,1,1,0,1,0,1,0,0
3875,0.0,360.0,1.0,0,4.204692619390966,0,1,0,1,0,0,1,0,1,0,1,0,0,0,1
3000,1666.0,480.0,0.0,0,4.605170185988092,0,1,0,1,0,1,0,0,0,1,1,0,0,0,1
5167,3167.0,360.0,1.0,1,5.298317366548036,0,1,0,1,1,0,0,0,1,0,1,0,0,1,0
4723,0.0,360.0,1.0,0,4.394449154672439,1,0,1,0,0,0,1,0,1,0,1,0,0,1,0
5000,3667.0,360.0,1.0,1,5.4638318050256105,0,1,0,1,0,0,0,1,1,0,1,0,0,1,0
4750,2333.0,360.0,1.0,1,4.867534450455582,0,1,0,1,0,1,0,0,1,0,1,0,0,0,1
3013,3033.0,300.0,1.0,1,4.553876891600541,0,1,0,1,0,1,0,0,1,0,1,0,0,0,1
6822,0.0,360.0,1.0,1,4.948759890378168,0,1,1,0,0,1,0,0,1,0,0,1,1,0,0
6216,0.0,360.0,1.0,0,4.890349128221754,0,1,1,0,0,1,0,0,0,1,1,0,1,0,0
2500,0.0,480.0,1.0,0,4.564348191467836,0,1,1,0,0,1,0,0,1,0,1,0,0,1,0
5124,0.0,360.0,0.0,0,4.820281565605037,0,1,1,0,0,1,0,0,1,0,1,0,1,0,0
6325,0.0,360.0,1.0,1,5.1647859739235145,0,1,0,1,0,0,1,0,1,0,1,0,0,1,0
19730,5266.0,360.0,1.0,0,6.345636360828596,0,1,0,1,0,1,0,0,1,0,1,0,1,0,0
15759,0.0,360.0,1.0,1,4.007333185232471,1,0,1,0,0,1,0,0,1,0,0,1,0,1,0
5185,0.0,360.0,1.0,1,5.043425116919247,0,1,0,1,0,0,0,1,1,0,1,0,0,1,0
9323,7873.0,300.0,1.0,1,5.940171252720432,0,1,0,1,0,0,0,1,1,0,0,1,1,0,0
3062,1987.0,180.0,0.0,0,4.709530201312334,0,1,1,0,0,0,1,0,1,0,1,0,0,0,1
2764,1459.0,360.0,1.0,1,4.700480365792417,1,0,1,0,0,1,0,0,1,0,1,0,0,0,1
4817,923.0,180.0,1.0,1,4.787491742782046,0,1,0,1,0,1,0,0,1,0,1,0,0,0,1
8750,4996.0,360.0,1.0,1,4.867534450455582,0,1,0,1,1,0,0,0,1,0,1,0,1,0,0
4310,0.0,360.0,1.0,1,4.867534450455582,0,1,0,1,0,1,0,0,1,0,1,0,0,1,0
3069,0.0,480.0,1.0,0,4.2626798770413155,0,1,1,0,0,1,0,0,1,0,1,0,0,0,1
5391,0.0,360.0,1.0,1,4.867534450455582,0,1,0,1,0,0,0,1,1,0,1,0,0,0,1
3333,2500.0,360.0,1.0,1,4.852030263919617,0,1,0,1,0,1,0,0,1,0,1,0,0,1,0
5941,4232.0,360.0,1.0,1,5.69035945432406,0,1,1,0,0,1,0,0,1,0,1,0,0,1,0
6000,0.0,360.0,1.0,1,5.049856007249537,1,0,1,0,0,1,0,0,1,0,1,0,0,0,1
7167,0.0,360.0,1.0,1,4.852030263919617,0,1,1,0,0,1,0,0,1,0,0,1,0,0,1
4566,0.0,360.0,1.0,0,4.605170185988092,0,1,0,1,0,0,0,1,1,0,1,0,0,0,1
3667,0.0,180.0,1.0,1,4.727387818712341,0,1,1,0,0,0,1,0,1,0,1,0,0,0,1
2346,1600.0,360.0,1.0,1,4.882801922586371,0,1,1,0,0,1,0,0,0,1,1,0,0,1,0
3010,3136.0,360.0,0.0,0,4.852030263919617,0,1,0,1,0,1,0,0,0,1,1,0,0,0,1
2333,2417.0,360.0,1.0,1,4.912654885736052,0,1,0,1,0,1,0,0,1,0,1,0,0,0,1
5488,0.0,360.0,1.0,1,4.8283137373023015,0,1,0,1,0,1,0,0,1,0,1,0,1,0,0
9167,0.0,360.0,1.0,1,5.220355825078324,0,1,1,0,1,0,0,0,1,0,1,0,1,0,0
9504,0.0,360.0,1.0,1,5.616771097666572,0,1,0,1,1,0,0,0,1,0,1,0,1,0,0
2583,2115.0,360.0,1.0,1,4.787491742782046,0,1,0,1,0,1,0,0,1,0,1,0,0,0,1
1993,1625.0,180.0,1.0,1,4.727387818712341,0,1,0,1,0,0,0,1,0,1,1,0,0,1,0
3100,1400.0,360.0,1.0,1,4.727387818712341,0,1,0,1,0,0,0,1,1,0,1,0,0,0,1
3276,484.0,360.0,1.0,1,4.90527477843843,0,1,0,1,0,0,0,1,1,0,1,0,0,1,0
3180,0.0,360.0,0.0,0,4.2626798770413155,1,0,1,0,0,1,0,0,1,0,1,0,0,0,1
3033,1459.0,360.0,1.0,1,4.553876891600541,0,1,0,1,0,1,0,0,1,0,1,0,0,0,1
3902,1666.0,360.0,1.0,1,4.6913478822291435,0,1,1,0,0,1,0,0,0,1,1,0,1,0,0
1500,1800.0,360.0,0.0,0,4.634728988229636,1,0,1,0,0,1,0,0,1,0,1,0,0,1,0
2889,0.0,180.0,0.0,0,3.8066624897703196,0,1,0,1,0,0,0,1,0,1,1,0,0,0,1
2755,0.0,300.0,1.0,0,4.174387269895637,0,1,1,0,0,1,0,0,0,1,1,0,1,0,0
2500,20000.0,360.0,1.0,1,4.634728988229636,0,1,1,0,0,1,0,0,1,0,1,0,0,1,0
1963,0.0,360.0,1.0,1,3.970291913552122,1,0,1,0,0,1,0,0,0,1,1,0,0,1,0
7441,0.0,360.0,1.0,0,5.267858159063328,1,0,1,0,0,1,0,0,1,0,0,1,1,0,0
4547,0.0,360.0,1.0,1,4.74493212836325,1,0,1,0,0,1,0,0,1,0,1,0,0,1,0
2167,2400.0,360.0,1.0,1,4.74493212836325,0,1,0,1,0,1,0,0,0,1,1,0,0,0,1
2213,0.0,360.0,1.0,1,4.189654742026425,1,0,1,0,0,1,0,0,0,1,1,0,1,0,0
8300,0.0,300.0,0.0,0,5.0238805208462765,0,1,0,1,0,0,1,0,1,0,1,0,0,1,0
81000,0.0,360.0,0.0,0,5.886104031450156,0,1,0,1,1,0,0,0,1,0,1,0,1,0,0
3867,0.0,360.0,1.0,0,4.127134385045092,1,0,1,0,0,0,1,0,0,1,0,1,0,1,0
6256,0.0,360.0,1.0,1,5.075173815233827,0,1,0,1,0,1,0,0,1,0,1,0,0,0,1
6096,0.0,360.0,0.0,0,5.384495062789089,0,1,0,1,0,1,0,0,0,1,1,0,1,0,0
2253,2033.0,360.0,1.0,1,4.700480365792417,0,1,0,1,0,1,0,0,0,1,1,0,1,0,0
2149,3237.0,360.0,0.0,0,5.181783550292085,1,0,0,1,0,1,0,0,0,1,1,0,0,1,0
2995,0.0,360.0,1.0,1,4.0943445622221,1,0,1,0,0,1,0,0,1,0,1,0,0,0,1
2600,0.0,360.0,1.0,0,5.075173815233827,1,0,1,0,0,0,1,0,1,0,1,0,0,0,1
1600,20000.0,360.0,1.0,0,5.476463551931511,0,1,0,1,0,0,0,1,1,0,0,1,0,0,1
1025,2773.0,360.0,1.0,1,4.718498871295094,0,1,0,1,0,1,0,0,1,0,1,0,1,0,0
3246,1417.0,360.0,1.0,1,4.927253685157205,0,1,0,1,0,1,0,0,1,0,1,0,0,1,0
5829,0.0,360.0,1.0,1,4.927253685157205,0,1,0,1,0,1,0,0,1,0,1,0,1,0,0
2720,0.0,360.0,0.0,0,4.382026634673881,1,0,1,0,0,1,0,0,0,1,1,0,0,0,1
1820,1719.0,360.0,1.0,1,4.605170185988092,0,1,0,1,0,1,0,0,1,0,1,0,0,0,1
7250,1667.0,360.0,0.0,0,4.700480365792417,0,1,0,1,0,0,1,0,1,0,1,0,0,0,1
14880,0.0,360.0,1.0,1,4.564348191467836,0,1,0,1,0,1,0,0,1,0,1,0,0,1,0
2666,4300.0,360.0,1.0,1,4.795790545596741,0,1,0,1,0,1,0,0,1,0,1,0,1,0,0
4606,0.0,360.0,1.0,0,4.394449154672439,1,0,1,0,0,0,1,0,0,1,1,0,1,0,0
5935,0.0,360.0,1.0,1,4.890349128221754,0,1,0,1,0,0,0,1,1,0,1,0,0,1,0
2920,16.12000084,360.0,1.0,1,4.465908118654584,0,1,0,1,0,1,0,0,1,0,1,0,1,0,0
2717,0.0,180.0,1.0,1,4.0943445622221,0,1,1,0,0,1,0,0,0,1,1,0,0,0,1
8624,0.0,360.0,1.0,1,5.0106352940962555,1,0,1,0,0,0,1,0,1,0,0,1,0,1,0
6500,0.0,360.0,0.0,0,4.653960350157523,0,1,1,0,0,1,0,0,1,0,1,0,1,0,0
12876,0.0,360.0,1.0,1,6.003887067106539,0,1,1,0,0,1,0,0,1,0,1,0,0,1,0
2425,2340.0,360.0,1.0,1,4.962844630259907,0,1,0,1,0,1,0,0,1,0,1,0,0,1,0
3750,0.0,360.0,1.0,1,4.605170185988092,0,1,1,0,0,1,0,0,1,0,1,0,0,0,1
10047,0.0,240.0,1.0,1,4.852030263919617,1,0,0,1,0,1,0,0,1,0,1,0,0,1,0
1926,1851.0,360.0,1.0,1,3.912023005428146,0,1,1,0,0,1,0,0,1,0,1,0,0,1,0
2213,1125.0,360.0,1.0,1,4.852030263919617,0,1,0,1,0,1,0,0,1,0,1,0,0,0,1
10416,0.0,360.0,0.0,0,5.231108616854587,0,1,1,0,0,1,0,0,1,0,0,1,0,0,1
7142,0.0,360.0,1.0,1,4.927253685157205,1,0,0,1,0,1,0,0,0,1,0,1,1,0,0
3660,5064.0,360.0,1.0,1,5.231108616854587,0,1,1,0,0,1,0,0,1,0,1,0,0,1,0
7901,1833.0,360.0,1.0,1,5.19295685089021,0,1,0,1,0,1,0,0,1,0,1,0,1,0,0
4707,1993.0,360.0,1.0,1,4.997212273764115,0,1,1,0,1,0,0,0,0,1,1,0,0,1,0
37719,0.0,360.0,1.0,1,5.0238805208462765,0,1,1,0,0,0,1,0,1,0,1,0,0,1,0
7333,8333.0,300.0,1.0,1,5.1647859739235145,0,1,0,1,0,1,0,0,1,0,1,0,1,0,0
3466,1210.0,360.0,1.0,1,4.867534450455582,0,1,0,1,0,0,1,0,1,0,0,1,1,0,0
4652,0.0,360.0,1.0,1,4.700480365792417,0,1,0,1,0,0,0,1,0,1,1,0,1,0,0
3539,1376.0,360.0,1.0,0,4.007333185232471,0,1,0,1,0,1,0,0,1,0,1,0,1,0,0
3340,1710.0,360.0,0.0,0,5.0106352940962555,0,1,0,1,0,0,0,1,1,0,1,0,1,0,0
2769,1542.0,360.0,1.0,0,5.247024072160486,0,1,1,0,0,0,1,0,0,1,0,1,0,1,0
2309,1255.0,360.0,0.0,0,4.8283137373023015,0,1,0,1,0,0,0,1,0,1,1,0,1,0,0
1958,1456.0,300.0,1.0,1,4.0943445622221,0,1,0,1,0,0,0,1,0,1,1,0,0,0,1
3948,1733.0,360.0,0.0,0,5.003946305945459,0,1,0,1,0,1,0,0,1,0,1,0,1,0,0
2483,2466.0,180.0,0.0,1,4.499809670330265,0,1,0,1,0,1,0,0,1,0,1,0,1,0,0
7085,0.0,360.0,1.0,1,4.430816798843313,0,1,1,0,0,1,0,0,1,0,0,1,0,1,0
3859,0.0,360.0,1.0,1,4.564348191467836,0,1,0,1,0,0,0,1,1,0,1,0,0,1,0
4301,0.0,360.0,1.0,1,4.770684624465665,0,1,0,1,0,1,0,0,1,0,1,0,0,0,1
3708,2569.0,360.0,1.0,0,5.153291594497779,0,1,0,1,0,1,0,0,1,0,1,0,0,0,1
4354,0.0,360.0,1.0,1,4.912654885736052,0,1,1,0,0,0,0,1,1,0,1,0,1,0,0
8334,0.0,360.0,1.0,0,5.075173815233827,0,1,0,1,0,1,0,0,1,0,1,0,0,1,0
2083,4083.0,360.0,1.0,1,5.075173815233827,0,1,0,1,0,1,0,0,1,0,0,1,0,1,0
7740,0.0,180.0,1.0,1,4.852030263919617,0,1,0,1,1,0,0,0,1,0,1,0,0,0,1
3015,2188.0,360.0,1.0,1,5.030437921392435,0,1,0,1,0,1,0,0,1,0,1,0,1,0,0
5191,0.0,360.0,1.0,1,4.882801922586371,1,0,1,0,0,0,1,0,0,1,1,0,0,1,0
4166,0.0,360.0,0.0,0,4.584967478670572,0,1,1,0,0,1,0,0,1,0,1,0,0,1,0
6000,0.0,360.0,1.0,1,4.941642422609304,0,1,1,0,0,1,0,0,1,0,1,0,1,0,0
2947,1664.0,180.0,0.0,0,4.248495242049359,0,1,0,1,1,0,0,0,0,1,1,0,0,0,1
16692,0.0,360.0,1.0,1,4.700480365792417,0,1,0,1,0,1,0,0,1,0,1,0,0,1,0
210,2917.0,360.0,1.0,1,4.584967478670572,1,0,0,1,0,0,0,1,0,1,1,0,0,1,0
4333,2451.0,360.0,1.0,0,4.700480365792417,0,1,0,1,0,1,0,0,1,0,1,0,0,0,1
3450,2079.0,360.0,1.0,1,5.087596335232384,0,1,0,1,0,0,1,0,1,0,0,1,0,1,0
2653,1500.0,180.0,0.0,0,4.727387818712341,0,1,0,1,0,0,1,0,0,1,1,0,1,0,0
4691,0.0,360.0,1.0,1,4.605170185988092,0,1,0,1,1,0,0,0,1,0,1,0,0,1,0
2500,0.0,360.0,1.0,1,4.532599493153256,1,0,1,0,0,1,0,0,1,0,0,1,0,0,1
5532,4648.0,360.0,1.0,1,5.087596335232384,0,1,1,0,0,0,0,1,1,0,1,0,1,0,0
16525,1014.0,360.0,1.0,1,5.0106352940962555,0,1,0,1,0,0,0,1,1,0,0,1,1,0,0
6700,1750.0,300.0,1.0,1,5.438079308923196,0,1,0,1,0,0,0,1,1,0,1,0,0,1,0
2873,1872.0,360.0,0.0,0,4.882801922586371,0,1,0,1,0,0,0,1,1,0,1,0,0,1,0
16667,2250.0,360.0,1.0,1,4.454347296253507,0,1,0,1,0,0,1,0,1,0,0,1,0,1,0
2947,1603.0,360.0,1.0,0,4.852030263919617,0,1,0,1,0,0,0,1,1,0,1,0,0,0,1
4350,0.0,360.0,1.0,1,5.0369526024136295,1,0,1,0,0,1,0,0,0,1,1,0,1,0,0
3095,0.0,360.0,1.0,1,4.727387818712341,0,1,0,1,1,0,0,0,0,1,1,0,1,0,0
2083,3150.0,360.0,1.0,1,4.852030263919617,0,1,0,1,0,1,0,0,1,0,1,0,0,1,0
10833,0.0,360.0,1.0,1,5.455321115357702,0,1,0,1,0,1,0,0,1,0,1,0,0,1,0
8333,0.0,360.0,1.0,1,5.5053315359323625,0,1,0,1,0,0,0,1,1,0,1,0,0,1,0
1958,2436.0,360.0,1.0,1,4.875197323201151,0,1,0,1,0,0,1,0,0,1,1,0,1,0,0
3547,0.0,360.0,0.0,0,4.382026634673881,0,1,1,0,0,0,0,1,1,0,1,0,1,0,0
18333,0.0,360.0,1.0,0,6.214608098422191,0,1,0,1,0,0,1,0,1,0,1,0,0,0,1
4583,2083.0,360.0,1.0,1,5.075173815233827,0,1,0,1,0,0,0,1,1,0,0,1,0,1,0
2435,0.0,360.0,1.0,0,4.31748811353631,0,1,1,0,0,1,0,0,1,0,1,0,0,0,1
2699,2785.0,360.0,1.0,1,4.564348191467836,0,1,1,0,0,1,0,0,0,1,1,0,0,1,0
5333,1131.0,360.0,1.0,1,5.225746673713202,0,1,0,1,0,0,1,0,0,1,1,0,0,0,1
3691,0.0,360.0,1.0,1,4.700480365792417,0,1,1,0,0,1,0,0,0,1,1,0,1,0,0
17263,0.0,360.0,1.0,1,5.41610040220442,1,0,1,0,0,1,0,0,0,1,0,1,0,1,0
3597,2157.0,360.0,0.0,0,4.77912349311153,0,1,0,1,0,1,0,0,1,0,1,0,1,0,0
3326,913.0,84.0,1.0,1,4.653960350157523,1,0,0,1,0,0,1,0,1,0,1,0,0,1,0
2600,1700.0,360.0,1.0,1,4.672828834461906,0,1,0,1,0,1,0,0,0,1,1,0,1,0,0
4625,2857.0,12.0,1.0,1,4.709530201312334,0,1,0,1,0,1,0,0,1,0,1,0,0,0,1
2895,0.0,360.0,1.0,1,4.553876891600541,0,1,0,1,0,0,1,0,1,0,0,1,0,1,0
6283,4416.0,360.0,0.0,0,5.342334251964811,0,1,1,0,0,1,0,0,1,0,1,0,1,0,0
645,3683.0,480.0,1.0,1,4.727387818712341,1,0,1,0,0,1,0,0,1,0,1,0,1,0,0
3159,0.0,360.0,1.0,1,4.605170185988092,1,0,1,0,0,1,0,0,1,0,1,0,0,1,0
4865,5624.0,360.0,1.0,1,5.337538079701318,0,1,0,1,0,0,0,1,1,0,1,0,0,1,0
4050,5302.0,360.0,1.0,0,4.927253685157205,0,1,0,1,0,0,1,0,0,1,1,0,1,0,0
3814,1483.0,300.0,1.0,1,4.820281565605037,0,1,0,1,0,1,0,0,0,1,1,0,0,1,0
3510,4416.0,360.0,1.0,1,5.493061443340548,0,1,0,1,0,0,0,1,1,0,1,0,1,0,0
20833,6667.0,360.0,1.0,1,6.173786103901937,0,1,0,1,0,1,0,0,1,0,1,0,0,0,1
3583,0.0,360.0,1.0,0,4.564348191467836,0,1,1,0,0,1,0,0,1,0,1,0,0,0,1
2479,3013.0,360.0,1.0,1,5.236441962829949,0,1,0,1,0,1,0,0,1,0,0,1,0,0,1
13262,0.0,360.0,1.0,1,3.6888794541139363,1,0,1,0,0,0,1,0,1,0,1,0,0,0,1
3598,1287.0,360.0,1.0,0,4.605170185988092,0,1,1,0,0,1,0,0,0,1,1,0,1,0,0
6065,2004.0,360.0,1.0,1,5.521460917862246,0,1,0,1,0,0,1,0,1,0,1,0,0,1,0
3283,2035.0,360.0,1.0,1,4.997212273764115,0,1,0,1,0,0,0,1,1,0,1,0,0,0,1
2130,6666.0,180.0,1.0,0,4.248495242049359,0,1,0,1,0,1,0,0,1,0,1,0,0,1,0
5815,3666.0,360.0,1.0,0,5.739792912179234,0,1,1,0,0,1,0,0,1,0,1,0,1,0,0
3466,3428.0,360.0,1.0,1,5.0106352940962555,0,1,0,1,1,0,0,0,1,0,1,0,1,0,0
2031,1632.0,480.0,1.0,1,4.727387818712341,1,0,0,1,0,0,0,1,1,0,1,0,0,1,0
3074,1800.0,360.0,0.0,0,4.812184355372417,0,1,0,1,0,1,0,0,0,1,1,0,0,1,0
4683,1915.0,360.0,1.0,0,5.220355825078324,0,1,1,0,0,1,0,0,1,0,1,0,0,1,0
3400,0.0,360.0,1.0,0,4.553876891600541,1,0,1,0,0,1,0,0,0,1,1,0,1,0,0
2192,1742.0,360.0,1.0,1,3.8066624897703196,0,1,0,1,0,0,0,1,0,1,1,0,0,1,0
2500,0.0,360.0,1.0,1,4.007333185232471,0,1,1,0,0,1,0,0,1,0,1,0,0,1,0
5677,1424.0,360.0,1.0,1,4.605170185988092,0,1,0,1,1,0,0,0,1,0,0,1,1,0,0
7948,7166.0,360.0,1.0,1,6.173786103901937,0,1,0,1,0,0,0,1,1,0,0,1,1,0,0
4680,2087.0,360.0,1.0,0,4.852030263919617,0,1,1,0,0,1,0,0,1,0,1,0,0,1,0
17500,0.0,360.0,1.0,1,5.991464547107982,0,1,0,1,0,0,0,1,1,0,0,1,1,0,0
3775,0.0,360.0,1.0,1,4.700480365792417,0,1,0,1,0,1,0,0,1,0,1,0,0,1,0
5285,1430.0,360.0,0.0,1,5.081404364984463,0,1,0,1,0,0,1,0,0,1,1,0,0,1,0
2679,1302.0,360.0,1.0,1,4.543294782270004,0,1,1,0,0,0,1,0,0,1,1,0,0,1,0
6783,0.0,360.0,1.0,1,4.867534450455582,0,1,1,0,0,1,0,0,0,1,1,0,0,1,0
1025,5500.0,360.0,1.0,1,5.375278407684165,0,1,0,1,0,1,0,0,1,0,1,0,1,0,0
4281,0.0,360.0,1.0,1,4.605170185988092,0,1,0,1,1,0,0,0,1,0,1,0,0,0,1
3588,0.0,360.0,0.0,0,4.700480365792417,0,1,1,0,0,0,0,1,1,0,1,0,1,0,0
11250,0.0,360.0,1.0,0,5.278114659230517,0,1,1,0,0,0,1,0,1,0,1,0,0,1,0
18165,0.0,360.0,1.0,1,4.8283137373023015,1,0,1,0,0,1,0,0,0,1,0,1,0,0,1
2550,2042.0,360.0,1.0,1,4.836281906951478,0,1,1,0,0,1,0,0,0,1,1,0,1,0,0
6133,3906.0,360.0,1.0,1,5.780743515792329,0,1,0,1,0,1,0,0,1,0,1,0,0,0,1
3617,0.0,360.0,1.0,1,4.672828834461906,0,1,1,0,0,0,0,1,1,0,1,0,0,1,0
2917,536.0,360.0,1.0,0,4.189654742026425,0,1,0,1,0,1,0,0,0,1,1,0,1,0,0
6417,0.0,180.0,1.0,1,5.056245805348308,0,1,0,1,1,0,0,0,1,0,1,0,1,0,0
4608,2845.0,180.0,1.0,1,4.941642422609304,1,0,0,1,0,0,1,0,1,0,1,0,0,1,0
2138,0.0,360.0,0.0,0,4.59511985013459,1,0,1,0,0,1,0,0,1,0,1,0,0,1,0
3652,0.0,360.0,1.0,1,4.553876891600541,1,0,1,0,0,0,1,0,1,0,1,0,0,1,0
2239,2524.0,360.0,1.0,1,4.852030263919617,0,1,0,1,0,0,1,0,0,1,1,0,0,0,1
3017,663.0,360.0,1.0,1,4.624972813284271,1,0,0,1,0,1,0,0,0,1,1,0,0,1,0
2768,1950.0,360.0,1.0,1,5.043425116919247,0,1,0,1,0,1,0,0,1,0,1,0,1,0,0
3358,0.0,36.0,1.0,0,4.382026634673881,0,1,1,0,0,1,0,0,0,1,1,0,0,1,0
2526,1783.0,360.0,1.0,1,4.976733742420574,0,1,1,0,0,1,0,0,1,0,1,0,1,0,0
5000,0.0,360.0,0.0,0,4.634728988229636,1,0,1,0,0,1,0,0,1,0,1,0,0,1,0
2785,2016.0,360.0,1.0,1,4.700480365792417,0,1,0,1,0,1,0,0,1,0,1,0,1,0,0
6633,0.0,360.0,0.0,0,4.852030263919617,0,1,0,1,0,0,0,1,1,0,0,1,1,0,0
2492,2375.0,360.0,1.0,1,4.852030263919617,0,1,0,1,0,0,1,0,0,1,1,0,1,0,0
3333,3250.0,360.0,1.0,1,5.062595033026967,0,1,0,1,0,0,1,0,1,0,1,0,0,0,1
2454,2333.0,360.0,0.0,0,5.198497031265826,0,1,0,1,0,1,0,0,0,1,1,0,0,0,1
3593,4266.0,180.0,0.0,0,4.882801922586371,0,1,0,1,0,1,0,0,1,0,1,0,1,0,0
5468,1032.0,360.0,1.0,1,3.258096538021482,0,1,0,1,0,0,1,0,1,0,1,0,0,1,0
2667,1625.0,360.0,1.0,1,4.430816798843313,1,0,1,0,0,1,0,0,1,0,1,0,0,0,1
10139,0.0,360.0,1.0,1,5.560681631015528,0,1,0,1,1,0,0,0,1,0,0,1,0,1,0
3887,2669.0,360.0,1.0,1,5.087596335232384,0,1,0,1,0,1,0,0,1,0,1,0,0,1,0
4180,2306.0,360.0,1.0,1,5.204006687076795,1,0,0,1,0,1,0,0,1,0,1,0,0,1,0
3675,242.0,360.0,1.0,1,4.68213122712422,0,1,0,1,0,0,0,1,0,1,1,0,0,1,0
19484,0.0,360.0,1.0,1,6.396929655216146,1,0,0,1,0,0,1,0,1,0,0,1,0,1,0
5923,2054.0,360.0,1.0,1,5.351858133476067,0,1,0,1,0,1,0,0,1,0,1,0,1,0,0
5800,0.0,360.0,1.0,1,4.882801922586371,0,1,1,0,0,1,0,0,0,1,0,1,0,1,0
8799,0.0,360.0,0.0,0,5.552959584921617,0,1,0,1,0,0,0,1,1,0,1,0,0,0,1
4467,0.0,360.0,1.0,1,4.787491742782046,0,1,0,1,0,1,0,0,0,1,1,0,1,0,0
3333,0.0,360.0,1.0,1,4.248495242049359,0,1,1,0,0,1,0,0,1,0,1,0,0,0,1
3400,2500.0,360.0,0.0,0,4.812184355372417,0,1,0,1,1,0,0,0,1,0,1,0,1,0,0
2378,0.0,360.0,1.0,0,2.1972245773362196,1,0,1,0,0,1,0,0,1,0,1,0,0,0,1
3166,2064.0,360.0,0.0,0,4.6443908991413725,0,1,0,1,0,1,0,0,1,0,1,0,0,0,1
3417,1750.0,360.0,1.0,1,5.225746673713202,0,1,0,1,0,0,1,0,1,0,1,0,0,0,1
5116,1451.0,360.0,0.0,0,5.10594547390058,0,1,0,1,0,1,0,0,1,0,1,0,0,0,1
16666,0.0,360.0,1.0,1,5.616771097666572,0,1,0,1,0,0,0,1,1,0,1,0,0,0,1
6125,1625.0,480.0,1.0,0,5.231108616854587,0,1,0,1,0,0,0,1,0,1,1,0,0,1,0
6406,0.0,360.0,1.0,0,5.0106352940962555,0,1,0,1,1,0,0,0,1,0,1,0,0,1,0
3159,461.0,84.0,1.0,1,4.68213122712422,0,1,0,1,0,0,0,1,1,0,1,0,0,0,1
3087,2210.0,360.0,0.0,0,4.912654885736052,0,1,0,1,0,1,0,0,1,0,1,0,0,1,0
3229,2739.0,360.0,1.0,1,4.700480365792417,0,1,1,0,0,1,0,0,1,0,1,0,0,0,1
1782,2232.0,360.0,1.0,1,4.672828834461906,0,1,0,1,0,0,1,0,1,0,1,0,1,0,0
3182,2917.0,360.0,1.0,1,5.081404364984463,0,1,1,0,0,1,0,0,1,0,1,0,0,0,1
6540,0.0,360.0,1.0,1,5.3230099791384085,0,1,0,1,0,0,0,1,1,0,1,0,0,1,0
1836,33837.0,360.0,1.0,0,4.499809670330265,0,1,1,0,0,1,0,0,1,0,1,0,0,0,1
3166,0.0,360.0,1.0,1,3.58351893845611,1,0,0,1,0,1,0,0,1,0,1,0,0,1,0
1880,0.0,360.0,1.0,0,4.110873864173311,0,1,0,1,0,0,1,0,1,0,1,0,1,0,0
2787,1917.0,360.0,0.0,0,4.983606621708336,0,1,0,1,0,0,1,0,1,0,1,0,1,0,0
4283,3000.0,84.0,1.0,0,5.147494476813453,0,1,0,1,0,0,1,0,1,0,1,0,1,0,0
2297,1522.0,360.0,1.0,1,4.6443908991413725,0,1,0,1,0,1,0,0,1,0,1,0,0,0,1
2165,0.0,360.0,1.0,1,4.248495242049359,1,0,1,0,0,1,0,0,0,1,1,0,0,1,0
4750,0.0,360.0,1.0,1,4.543294782270004,0,1,1,0,0,1,0,0,1,0,1,0,0,1,0
2726,0.0,360.0,0.0,0,4.663439094112067,0,1,0,1,0,0,0,1,1,0,0,1,0,1,0
3000,3416.0,180.0,1.0,1,4.02535169073515,0,1,0,1,0,1,0,0,1,0,1,0,0,1,0
6000,0.0,240.0,1.0,0,5.3230099791384085,0,1,0,1,0,0,0,1,1,0,0,1,0,1,0
9357,0.0,360.0,1.0,1,5.676753802268282,0,1,1,0,1,0,0,0,1,0,0,1,0,1,0
3859,3300.0,180.0,1.0,1,4.955827057601261,0,1,0,1,0,1,0,0,1,0,1,0,1,0,0
16120,0.0,360.0,1.0,1,5.560681631015528,0,1,0,1,0,1,0,0,1,0,0,1,0,0,1
3833,0.0,360.0,1.0,1,4.700480365792417,0,1,1,0,0,1,0,0,0,1,1,0,1,0,0
6383,1000.0,360.0,1.0,0,5.231108616854587,0,1,0,1,0,0,0,1,0,1,0,1,1,0,0
2987,0.0,360.0,0.0,0,4.477336814478207,0,1,1,0,0,1,0,0,1,0,1,0,0,1,0
9963,0.0,360.0,1.0,1,5.19295685089021,0,1,0,1,0,1,0,0,1,0,0,1,1,0,0
5780,0.0,360.0,1.0,1,5.2574953720277815,0,1,0,1,0,0,0,1,1,0,1,0,0,0,1
416,41667.0,180.0,1.0,0,5.857933154483459,1,0,1,0,1,0,0,0,1,0,1,0,0,0,1
2894,2792.0,360.0,1.0,1,5.043425116919247,0,1,0,1,0,1,0,0,0,1,1,0,1,0,0
5703,0.0,360.0,1.0,1,4.852030263919617,0,1,0,1,1,0,0,0,1,0,1,0,0,0,1
3676,4301.0,360.0,1.0,1,5.147494476813453,0,1,1,0,0,1,0,0,1,0,1,0,1,0,0
12000,0.0,360.0,1.0,1,6.206575926724928,1,0,0,1,0,0,1,0,1,0,1,0,0,1,0
2400,3800.0,180.0,1.0,0,4.852030263919617,0,1,0,1,0,1,0,0,0,1,1,0,0,0,1
3400,2500.0,360.0,1.0,1,5.153291594497779,0,1,0,1,0,0,1,0,1,0,1,0,0,1,0
3987,1411.0,360.0,1.0,1,5.056245805348308,0,1,0,1,0,0,0,1,0,1,1,0,1,0,0
3232,1950.0,360.0,1.0,1,4.68213122712422,0,1,0,1,0,1,0,0,1,0,1,0,1,0,0
2900,0.0,360.0,1.0,1,4.2626798770413155,1,0,1,0,0,1,0,0,1,0,1,0,1,0,0
4106,0.0,180.0,1.0,1,3.6888794541139363,0,1,0,1,1,0,0,0,1,0,1,0,1,0,0
8072,240.0,360.0,1.0,1,5.53338948872752,0,1,0,1,0,0,1,0,1,0,1,0,0,0,1
7583,0.0,360.0,1.0,1,5.231108616854587,0,1,0,1,0,0,0,1,1,0,1,0,0,0,1
4583,0.0,360.0,0.0,0,4.890349128221754,1,0,1,0,0,1,0,0,1,0,0,1,0,1,0
